{"id":"1db98fcc-8a87-104a-6dd5-b70b8725","type":"InsertNode","followElement":{"id":"c94cc7aa-241c-ac9e-239e-1cbe99f4","type":"InputNode","text":"zahl","followElement":{"id":"8c89e317-d0b6-2c31-a267-df96f426","type":"InsertNode","followElement":{"id":"13b3c0ac-2c66-64b3-6641-85915f28","type":"CaseNode","text":"zahl","followElement":{"id":"35cbeefc-8b44-fa96-75fc-a3056a4e","type":"InsertNode","followElement":{"id":"a4354724-8e04-86c9-9b1f-d9de1304","type":"InputNode","text":"a","followElement":{"id":"1fe5d1bf-05e3-96f2-3b97-b4bc8b41","type":"InsertNode","followElement":null}}},"defaultOn":true,"defaultNode":{"id":"e8476139-0275-d684-1d68-11f7faf7","type":"InsertCase","text":"Sonst","followElement":{"id":"0fc75e09-4a15-65a6-c7bd-9e0b9f38","type":"InsertNode","followElement":{"id":"a35d9010-99cb-bd99-5c70-b0f6340b","type":"OutputNode","text":"\"Falsche Eingabe\"","followElement":{"id":"6c6b4ee2-234d-e3a4-ad96-6f9a7349","type":"InsertNode","followElement":null}}}},"cases":[{"id":"7f57d3dc-a457-1731-df02-99606e31","type":"InsertCase","text":"<10","followElement":{"id":"103589d3-8cd5-55fe-fbe5-93f28243","type":"InsertNode","followElement":{"id":"c4233676-c991-470a-5e7b-50095d50","type":"TaskNode","text":"i = 0","followElement":{"id":"e68d4a5b-8868-75ed-30f3-303c7dfa","type":"InsertNode","followElement":{"id":"f143e6b7-02fd-51a8-a674-b2fc1f61","type":"CountLoopNode","text":"i < 5","followElement":{"id":"d177aed4-90ac-6982-a9a9-6f718603","type":"InsertNode","followElement":null},"child":{"id":"e5116822-950d-d547-49d6-86345e45","type":"InsertNode","followElement":{"id":"58313fd1-3e0b-054b-1483-7b61e6c9","type":"TaskNode","text":"zahl = zahl * zahl","followElement":{"id":"7ef761fb-ac61-67c0-a062-8c776f50","type":"InsertNode","followElement":{"id":"c8eb0530-5d0d-a0ac-7e05-fed36b4d","type":"OutputNode","text":"zahl","followElement":{"id":"ab76b64c-30f0-51de-008a-3f3cafde","type":"InsertNode","followElement":{"id":"20605c61-7a9c-7bb7-262f-90155079","type":"TaskNode","text":"i = i + 1","followElement":{"id":"91970eb1-d462-b883-1c46-6402a6fc","type":"InsertNode","followElement":null}}}}}}}}}}}},{"id":"f3917349-b749-05d0-a9b0-80ec3cdc","type":"InsertCase","text":">10","followElement":{"id":"e291da6c-5077-c222-4494-22391199","type":"InsertNode","followElement":{"id":"34caff22-90b0-cd22-8d14-8d966566","type":"TaskNode","text":"i = 0","followElement":{"id":"3cce615f-39e2-b3d5-71eb-10ce7df3","type":"InsertNode","followElement":{"id":"522fa833-6b0d-5f76-d2be-a2d34050","type":"CountLoopNode","text":"i < 4","followElement":{"id":"83fba21d-e9ba-cde7-f35a-8300e9c5","type":"InsertNode","followElement":null},"child":{"id":"afe76c4e-0959-1152-23ab-a89c32e1","type":"InsertNode","followElement":{"id":"fd54c6e1-9a1a-7064-1bde-1c71f3e1","type":"TaskNode","text":"zahl = zahl / 2","followElement":{"id":"126c765d-6a20-c478-28fc-ff0559b9","type":"InsertNode","followElement":{"id":"0a56e7ae-ab78-f2a4-ebb3-0cd6cfc2","type":"TaskNode","text":"i = i + 1","followElement":{"id":"bfcd04f4-f749-7d58-717b-bb7c0924","type":"InsertNode","followElement":null}}}}}}}}}}]}}}}